{"cameraMode":{"drawMode":0,"name":"Shaded","section":"Shading Mode"},"sceneLighting":true,"audioPlay":false,"sceneViewState":{"showFog":false,"showMaterialUpdate":false,"showSkybox":false,"showFlares":false,"showImageEffects":false,"showParticleSystems":false},"in2DMode":false,"pivot":{"x":-4.961417198181152,"y":0.5579860210418701,"z":-3.1490888595581056},"rotation":{"x":-0.19188590347766877,"y":0.5681752562522888,"z":-0.1383252739906311,"w":-0.7881773710250855},"size":16.515399932861329,"orthographic":false}