{"cameraMode":{"drawMode":0,"name":"Shaded","section":"Shading Mode"},"sceneLighting":true,"audioPlay":false,"sceneViewState":{"showFog":false,"showMaterialUpdate":false,"showSkybox":false,"showFlares":false,"showImageEffects":false,"showParticleSystems":false},"in2DMode":false,"pivot":{"x":-1.2699999809265137,"y":2.859999895095825,"z":-5.159999847412109},"rotation":{"x":-0.15406197309494019,"y":0.29784971475601199,"z":-0.0487729012966156,"w":-0.9408364295959473},"size":108.46492767333985,"orthographic":false}